Prec,Rec,F1,Prec(S),Rec(S),F1(S)
0.48305800557136536,0.3509935736656189,0.40469422936439514,0.5922739505767822,0.4295903146266937,0.49557429552078247
