Prec,Rec,F1,Prec(S),Rec(S),F1(S)
0.48299646377563477,0.35101407766342163,0.4046843349933624,0.5923481583595276,0.4298357665538788,0.4957696199417114
