Prec,Rec,F1,Prec(S),Rec(S),F1(S)
0.8722431063652039,0.8236132860183716,0.841884970664978,0.886519193649292,0.833824634552002,0.8533996939659119
