Prec,Rec,F1,Prec(S),Rec(S),F1(S)
0.632970929145813,0.5735889077186584,0.5890717506408691,0.6546205282211304,0.5928218364715576,0.607805609703064
