Prec,Rec,F1,Prec(S),Rec(S),F1(S)
0.6059104800224304,0.5304701924324036,0.5540071725845337,0.6385301351547241,0.5531049370765686,0.5792350172996521
