Prec,Rec,F1,Prec(S),Rec(S),F1(S)
0.29014089703559875,0.2164003551006317,0.246383935213089,0.37846285104751587,0.28277328610420227,0.321334570646286
