Prec,Rec,F1,Prec(S),Rec(S),F1(S)
0.7383899688720703,0.6642152667045593,0.6900832056999207,0.7622528076171875,0.6798443794250488,0.7084288001060486
